id,title,company,location,category,url,source,job_type,priority,education,is_mnc,placements,package
mnc_14948214,Managing Delivery Architect - SDWAN Delivery Architect,Capgemini,India / Remote,Computer and IT,https://www.themuse.com/jobs/capgemini/managing-delivery-architect-sdwan-delivery-architect-9895f9,MNC Network,Full Time,1,General,True,149,6
mnc_21668713,Security Engineer with Public Trust,Deloitte,India / Remote,Software Engineering,https://www.themuse.com/jobs/deloitte/security-engineer-with-public-trust,MNC Network,Full Time,1,"BCA, BTECH, MCA",True,170,12
mnc_21339866,Robotic Process Automation Developer,Deloitte,India / Remote,Data and Analytics,https://www.themuse.com/jobs/deloitte/robotic-process-automation-developer-7a828a,MNC Network,Full Time,1,"BCA, BTECH, MCA",True,163,13
mnc_21510926,"Tax Senior, Internal Tax Team - International Tax",Deloitte,India / Remote,Accounting and Finance,https://www.themuse.com/jobs/deloitte/tax-senior-internal-tax-team-international-tax,MNC Network,Full Time,1,General,True,75,23
mnc_21565976,"Lead Forward Deployed Engineer, Frontier GenAI",Deloitte,India / Remote,Software Engineering,https://www.themuse.com/jobs/deloitte/lead-forward-deployed-engineer-frontier-genai,MNC Network,Full Time,1,"BCA, BTECH, MCA",True,152,12
mnc_20524638,"Senior Consultant, National Federal Tax Services - Transaction & Integration Services (T&IS) - E300",Deloitte,India / Remote,Corporate,https://www.themuse.com/jobs/deloitte/senior-consultant-national-federal-tax-services-transaction-integration-services-tis-e300-a08cc5,MNC Network,Full Time,1,General,True,75,21
mnc_21585100,Guidewire ClaimCenter Developer,Deloitte,India / Remote,Data and Analytics,https://www.themuse.com/jobs/deloitte/guidewire-claimcenter-developer-fbfbb5,MNC Network,Full Time,1,"BCA, BTECH, MCA",True,141,13
mnc_21668727,Power and Utilities OT Operational Technology-Senior Consultant,Deloitte,India / Remote,Software Engineering,https://www.themuse.com/jobs/deloitte/power-and-utilities-ot-operational-technologysenior-consultant,MNC Network,Full Time,1,General,True,113,8
mnc_21654987,Oracle Cloud Finance Manager,Deloitte,India / Remote,Accounting and Finance,https://www.themuse.com/jobs/deloitte/oracle-cloud-finance-manager-fc8b4f,MNC Network,Full Time,1,General,True,109,11
mnc_17934196,"Consulting, Senior Consultant",Deloitte,India / Remote,Software Engineering,https://www.themuse.com/jobs/deloitte/consulting-senior-consultant-d7b732,MNC Network,Full Time,1,General,True,87,19
mnc_20524644,"Senior Consultant, National Federal Tax Services, Strategic Tax Review",Deloitte,India / Remote,Corporate,https://www.themuse.com/jobs/deloitte/senior-consultant-national-federal-tax-services-strategic-tax-review-694137,MNC Network,Full Time,1,General,True,159,11
mnc_17952602,"Consulting, Specialist Master",Deloitte,India / Remote,Software Engineering,https://www.themuse.com/jobs/deloitte/consulting-specialist-master-d583be,MNC Network,Full Time,1,General,True,188,23
mnc_21645990,"Senior Consultant, Health Insurance - Risk Regulatory & Compliance",Deloitte,India / Remote,Education,https://www.themuse.com/jobs/deloitte/senior-consultant-health-insurance-risk-regulatory-compliance,MNC Network,Full Time,1,General,True,89,24
mnc_16674416,GPS Lead Security Specialist,Deloitte,India / Remote,Project Management,https://www.themuse.com/jobs/deloitte/gps-lead-security-specialist,MNC Network,Full Time,1,General,True,141,6
mnc_21654995,"Training Coordinator - TS/SCI w/ Poly - Chantilly, VA",Deloitte,India / Remote,Data and Analytics,https://www.themuse.com/jobs/deloitte/training-coordinator-tssci-w-poly-chantilly-va,MNC Network,Full Time,1,General,True,67,13
mnc_21227760,Business Intel Reports Developer (TS/SCI w/ Poly Required),Deloitte,India / Remote,Data and Analytics,https://www.themuse.com/jobs/deloitte/business-intel-reports-developer-tssci-w-poly-required,MNC Network,Full Time,1,"BCA, BTECH, MCA",True,144,11
mnc_16867245,Senior Network Access Engineer - DDI,Deloitte,India / Remote,Software Engineering,https://www.themuse.com/jobs/deloitte/senior-network-access-engineer-ddi-759aac,MNC Network,Full Time,1,"BCA, BTECH, MCA",True,162,10
mnc_21641076,Washington National Tax - Credits & Incentives (C&I) - Manager,Deloitte,India / Remote,Accounting and Finance,https://www.themuse.com/jobs/deloitte/washington-national-tax-credits-incentives-ci-manager,MNC Network,Full Time,1,General,True,143,8
mnc_21654999,API Developer with MuleSoft & Traceable,Deloitte,India / Remote,Business Operations,https://www.themuse.com/jobs/deloitte/api-developer-with-mulesoft-traceable,MNC Network,Full Time,1,"BCA, BTECH, MCA",True,86,20
mnc_18243573,Senior Functional Support - Federal Health,Deloitte,India / Remote,Corporate,https://www.themuse.com/jobs/deloitte/senior-functional-support-federal-health-500441,MNC Network,Full Time,1,General,True,68,15
mnc_17791015,"Consulting, Manager",Deloitte,India / Remote,Data and Analytics,https://www.themuse.com/jobs/deloitte/consulting-manager-9df0f1,MNC Network,Full Time,1,General,True,82,14
mnc_21178069,"Finance Transformation, Insurance Consulting - Manager",PwC,India / Remote,Accounting and Finance,https://www.themuse.com/jobs/pwc/finance-transformation-insurance-consulting-manager,MNC Network,Full Time,1,General,True,55,8
mnc_21647895,Managed Services - Network Field Services Specialist,PwC,India / Remote,Software Engineering,https://www.themuse.com/jobs/pwc/managed-services-network-field-services-specialist,MNC Network,Full Time,1,General,True,188,22
mnc_21594140,Managed Services - Health PLS R&D - Director,PwC,India / Remote,Sales,https://www.themuse.com/jobs/pwc/managed-services-health-pls-rd-director-1b3d44,MNC Network,Full Time,1,General,True,197,20
mnc_21471067,Oracle CPQ - Senior Manager,PwC,India / Remote,Education,https://www.themuse.com/jobs/pwc/oracle-cpq-senior-manager-6fc1a1,MNC Network,Full Time,1,General,True,54,15
mnc_17842964,"Financial Risk & Reg - Tech & Analytics, Senior Manager",PwC,India / Remote,Corporate,https://www.themuse.com/jobs/pwc/financial-risk-reg-tech-analytics-senior-manager-4679c2,MNC Network,Full Time,1,General,True,113,21
mnc_21637912,Data Strategy-Manager,PwC,India / Remote,Data and Analytics,https://www.themuse.com/jobs/pwc/data-strategymanager,MNC Network,Full Time,1,"MSC, BSC, BTECH",True,168,18
mnc_21598995,Salesforce Director [Pharma & Life Science],PwC,India / Remote,Science and Engineering,https://www.themuse.com/jobs/pwc/salesforce-director-pharma-life-science-35d357,MNC Network,Full Time,1,"MSC, BSC, NON-TECH, BTECH",True,117,15
mnc_21374779,Digital Assurance & Transparency - IT Audit Manager,PwC,India / Remote,Computer and IT,https://www.themuse.com/jobs/pwc/digital-assurance-transparency-it-audit-manager-94a7bd,MNC Network,Full Time,1,General,True,127,8
mnc_17346250,SAP TMO Manager,PwC,India / Remote,Corporate,https://www.themuse.com/jobs/pwc/sap-tmo-manager,MNC Network,Full Time,1,General,True,143,16
mnc_21284499,Tax Director - Global Information Reporting,PwC,India / Remote,Accounting and Finance,https://www.themuse.com/jobs/pwc/tax-director-global-information-reporting-01064c,MNC Network,Full Time,1,General,True,151,19
mnc_17656836,Oracle Cloud Finance Consultant - Senior Manager,PwC,India / Remote,Accounting and Finance,https://www.themuse.com/jobs/pwc/oracle-cloud-finance-consultant-senior-manager-4289f0,MNC Network,Full Time,1,General,True,80,19
mnc_21618440,"Finance Transformation - OneStream Consultant, Senior Associate",PwC,India / Remote,Accounting and Finance,https://www.themuse.com/jobs/pwc/finance-transformation-onestream-consultant-senior-associate,MNC Network,Full Time,1,General,True,195,10
mnc_21581522,Firmware Engineer_Senior Associate,PwC,India / Remote,Software Engineering,https://www.themuse.com/jobs/pwc/firmware-engineersenior-associate,MNC Network,Full Time,1,"BCA, BTECH, MCA",True,114,21
mnc_18538748,"Properties, Facilities and Marketing Procurement Manager",PwC,India / Remote,Cleaning and Facilities,https://www.themuse.com/jobs/pwc/properties-facilities-and-marketing-procurement-manager,MNC Network,Full Time,1,NON-TECH,True,60,20
mnc_21532411,"BSCO - Managed Services, Epic Director",PwC,India / Remote,Business Operations,https://www.themuse.com/jobs/pwc/bsco-managed-services-epic-director,MNC Network,Full Time,1,BSC,True,63,9
mnc_18264674,MDM Senior Architect-Manager,PwC,India / Remote,Data and Analytics,https://www.themuse.com/jobs/pwc/mdm-senior-architectmanager-aea046,MNC Network,Full Time,1,General,True,119,14
mnc_21297418,Tax Innovation - Solution Architecture - Senior Manager,PwC,India / Remote,Accounting and Finance,https://www.themuse.com/jobs/pwc/tax-innovation-solution-architecture-senior-manager,MNC Network,Full Time,1,General,True,82,14
mnc_21581521,Partner Tax Preparation Advisor Senior Manager,PwC,India / Remote,Accounting and Finance,https://www.themuse.com/jobs/pwc/partner-tax-preparation-advisor-senior-manager-1ed44b,MNC Network,Full Time,1,General,True,172,18
mnc_17640414,FS Transformation Capital Markets Consultant - Senior Associate,PwC,India / Remote,Human Resources and Recruitment,https://www.themuse.com/jobs/pwc/fs-transformation-capital-markets-consultant-senior-associate-260e2a,MNC Network,Full Time,1,General,True,166,21
mnc_21637895,Tax Innovation - Product Management - Experienced Associate,PwC,India / Remote,Design and UX,https://www.themuse.com/jobs/pwc/tax-innovation-product-management-experienced-associate,MNC Network,Full Time,1,General,True,119,21
real_mock_0,Software Engineer,Capgemini,"Mumbai (Bombay), India",Corporate,https://www.linkedin.com/jobs/search/?keywords=Software%20Engineer&location=Mumbai%20(Bombay),LinkedIn,Full Time,1,"BCA, BTECH, MCA",True,110,8
real_mock_1,Data Analyst,Cognizant,"Navi Mumbai, India",Technology,https://www.naukri.com/data-analyst-jobs-in-navi-mumbai,Naukri,Full Time,1,"MSC, BSC, BTECH",True,54,14
real_mock_2,Consultant,Deloitte,"Delhi, India",Technology,https://www.linkedin.com/jobs,Direct MNC,Full Time,1,General,True,184,10
real_mock_3,Accountant,Goldman Sachs,"New Delhi, India",Corporate,https://www.linkedin.com/jobs/search/?keywords=Accountant&location=New%20Delhi,LinkedIn,Full Time,1,General,True,68,6
real_mock_4,BCA Intern,KPMG,"Noida, India",Technology,https://www.naukri.com/bca-intern-jobs-in-noida,Naukri,Full Time,1,BCA,True,191,12
real_mock_5,MCA Trainee,PwC,"Gurgaon, India",Technology,https://www.linkedin.com/jobs,Direct MNC,Full Time,1,MCA,True,100,19
real_mock_6,B.Tech Graduate,Accenture,"Gurugram, India",Corporate,https://www.linkedin.com/jobs/search/?keywords=B.Tech%20Graduate&location=Gurugram,LinkedIn,Full Time,1,BTECH,True,195,22
real_mock_7,HR Manager,Oracle,"Bangalore, India",Technology,https://www.naukri.com/hr-manager-jobs-in-bangalore,Naukri,Full Time,1,NON-TECH,True,57,13
real_mock_8,Product Manager,HDFC Bank,"Karnataka, India",Technology,https://www.linkedin.com/jobs,Direct MNC,Full Time,1,General,False,8,5
real_mock_9,DevOps Engineer,Coal India,"Chennai, India",Corporate,https://www.linkedin.com/jobs/search/?keywords=DevOps%20Engineer&location=Chennai,LinkedIn,Full Time,1,"BCA, BTECH, MCA",False,23,6
real_mock_10,Software Engineer,TCS,"Jalpaiguri, India",Technology,https://www.naukri.com/software-engineer-jobs-in-jalpaiguri,Naukri,Full Time,1,"BCA, BTECH, MCA",False,43,3
real_mock_11,Data Analyst,Infosys,"Assam, India",Technology,https://www.linkedin.com/jobs,Direct MNC,Full Time,1,"MSC, BSC, BTECH",False,26,7
real_mock_12,Consultant,Wipro,"Meghalaya, India",Corporate,https://www.linkedin.com/jobs/search/?keywords=Consultant&location=Meghalaya,LinkedIn,Full Time,1,General,False,39,3
real_mock_13,Accountant,Reliance,"West Bengal, India",Technology,https://www.naukri.com/accountant-jobs-in-west-bengal,Naukri,Full Time,1,General,False,43,4
real_mock_14,BCA Intern,L&T,"Maharashtra, India",Technology,https://www.linkedin.com/jobs,Direct MNC,Full Time,1,BCA,False,14,6
real_mock_15,MCA Trainee,Capgemini,"Tamil Nadu, India",Corporate,https://www.linkedin.com/jobs/search/?keywords=MCA%20Trainee&location=Tamil%20Nadu,LinkedIn,Full Time,1,MCA,True,79,14
real_mock_16,B.Tech Graduate,Cognizant,"Telangana, India",Technology,https://www.naukri.com/b.tech-graduate-jobs-in-telangana,Naukri,Full Time,1,BTECH,True,51,14
real_mock_17,HR Manager,Deloitte,"Gujarat, India",Technology,https://www.linkedin.com/jobs,Direct MNC,Full Time,1,NON-TECH,True,151,13
real_mock_18,Product Manager,Goldman Sachs,"Pune, India",Corporate,https://www.linkedin.com/jobs/search/?keywords=Product%20Manager&location=Pune,LinkedIn,Full Time,1,General,True,137,20
real_mock_19,DevOps Engineer,KPMG,"Hyderabad, India",Technology,https://www.naukri.com/devops-engineer-jobs-in-hyderabad,Naukri,Full Time,1,"BCA, BTECH, MCA",True,60,18
real_mock_20,Software Engineer,PwC,"Kerala, India",Technology,https://www.linkedin.com/jobs,Direct MNC,Full Time,1,"BCA, BTECH, MCA",True,165,18
real_mock_21,Data Analyst,Accenture,"Punjab, India",Corporate,https://www.linkedin.com/jobs/search/?keywords=Data%20Analyst&location=Punjab,LinkedIn,Full Time,1,"MSC, BSC, BTECH",True,185,13
real_mock_22,Consultant,Oracle,"Mumbai (Bombay), India",Technology,https://www.naukri.com/consultant-jobs-in-mumbai-(bombay),Naukri,Full Time,1,General,True,93,17
real_mock_23,Accountant,HDFC Bank,"Navi Mumbai, India",Technology,https://www.linkedin.com/jobs,Direct MNC,Full Time,1,General,False,46,5
real_mock_24,BCA Intern,Coal India,"Delhi, India",Corporate,https://www.linkedin.com/jobs/search/?keywords=BCA%20Intern&location=Delhi,LinkedIn,Full Time,1,BCA,False,16,4
real_mock_25,MCA Trainee,TCS,"New Delhi, India",Technology,https://www.naukri.com/mca-trainee-jobs-in-new-delhi,Naukri,Full Time,1,MCA,False,47,4
real_mock_26,B.Tech Graduate,Infosys,"Noida, India",Technology,https://www.linkedin.com/jobs,Direct MNC,Full Time,1,BTECH,False,29,5
real_mock_27,HR Manager,Wipro,"Gurgaon, India",Corporate,https://www.linkedin.com/jobs/search/?keywords=HR%20Manager&location=Gurgaon,LinkedIn,Full Time,1,NON-TECH,False,46,3
real_mock_28,Product Manager,Reliance,"Gurugram, India",Technology,https://www.naukri.com/product-manager-jobs-in-gurugram,Naukri,Full Time,1,General,False,22,6
real_mock_29,DevOps Engineer,L&T,"Bangalore, India",Technology,https://www.linkedin.com/jobs,Direct MNC,Full Time,1,"BCA, BTECH, MCA",False,34,3
real_mock_30,Software Engineer,Capgemini,"Karnataka, India",Corporate,https://www.linkedin.com/jobs/search/?keywords=Software%20Engineer&location=Karnataka,LinkedIn,Full Time,1,"BCA, BTECH, MCA",True,132,19
real_mock_31,Data Analyst,Cognizant,"Chennai, India",Technology,https://www.naukri.com/data-analyst-jobs-in-chennai,Naukri,Full Time,1,"MSC, BSC, BTECH",True,75,10
real_mock_32,Consultant,Deloitte,"Jalpaiguri, India",Technology,https://www.linkedin.com/jobs,Direct MNC,Full Time,1,General,True,107,11
real_mock_33,Accountant,Goldman Sachs,"Assam, India",Corporate,https://www.linkedin.com/jobs/search/?keywords=Accountant&location=Assam,LinkedIn,Full Time,1,General,True,65,12
real_mock_34,BCA Intern,KPMG,"Meghalaya, India",Technology,https://www.naukri.com/bca-intern-jobs-in-meghalaya,Naukri,Full Time,1,BCA,True,189,8
real_mock_35,MCA Trainee,PwC,"West Bengal, India",Technology,https://www.linkedin.com/jobs,Direct MNC,Full Time,1,MCA,True,171,17
real_mock_36,B.Tech Graduate,Accenture,"Maharashtra, India",Corporate,https://www.linkedin.com/jobs/search/?keywords=B.Tech%20Graduate&location=Maharashtra,LinkedIn,Full Time,1,BTECH,True,94,7
real_mock_37,HR Manager,Oracle,"Tamil Nadu, India",Technology,https://www.naukri.com/hr-manager-jobs-in-tamil-nadu,Naukri,Full Time,1,NON-TECH,True,154,18
real_mock_38,Product Manager,HDFC Bank,"Telangana, India",Technology,https://www.linkedin.com/jobs,Direct MNC,Full Time,1,General,False,27,6
real_mock_39,DevOps Engineer,Coal India,"Gujarat, India",Corporate,https://www.linkedin.com/jobs/search/?keywords=DevOps%20Engineer&location=Gujarat,LinkedIn,Full Time,1,"BCA, BTECH, MCA",False,40,6
real_mock_40,Software Engineer,TCS,"Pune, India",Technology,https://www.naukri.com/software-engineer-jobs-in-pune,Naukri,Full Time,1,"BCA, BTECH, MCA",False,27,5
real_mock_41,Data Analyst,Infosys,"Hyderabad, India",Technology,https://www.linkedin.com/jobs,Direct MNC,Full Time,1,"MSC, BSC, BTECH",False,45,4
real_mock_42,Consultant,Wipro,"Kerala, India",Corporate,https://www.linkedin.com/jobs/search/?keywords=Consultant&location=Kerala,LinkedIn,Full Time,1,General,False,44,6
real_mock_43,Accountant,Reliance,"Punjab, India",Technology,https://www.naukri.com/accountant-jobs-in-punjab,Naukri,Full Time,1,General,False,39,6
real_mock_44,BCA Intern,L&T,"Mumbai (Bombay), India",Technology,https://www.linkedin.com/jobs,Direct MNC,Full Time,1,BCA,False,30,3
real_mock_45,MCA Trainee,Capgemini,"Navi Mumbai, India",Corporate,https://www.linkedin.com/jobs/search/?keywords=MCA%20Trainee&location=Navi%20Mumbai,LinkedIn,Full Time,1,MCA,True,172,20
real_mock_46,B.Tech Graduate,Cognizant,"Delhi, India",Technology,https://www.naukri.com/b.tech-graduate-jobs-in-delhi,Naukri,Full Time,1,BTECH,True,107,15
real_mock_47,HR Manager,Deloitte,"New Delhi, India",Technology,https://www.linkedin.com/jobs,Direct MNC,Full Time,1,NON-TECH,True,110,14
real_mock_48,Product Manager,Goldman Sachs,"Noida, India",Corporate,https://www.linkedin.com/jobs/search/?keywords=Product%20Manager&location=Noida,LinkedIn,Full Time,1,General,True,116,10
real_mock_49,DevOps Engineer,KPMG,"Gurgaon, India",Technology,https://www.naukri.com/devops-engineer-jobs-in-gurgaon,Naukri,Full Time,1,"BCA, BTECH, MCA",True,155,20
real_mock_50,Software Engineer,PwC,"Gurugram, India",Technology,https://www.linkedin.com/jobs,Direct MNC,Full Time,1,"BCA, BTECH, MCA",True,152,6
real_mock_51,Data Analyst,Accenture,"Bangalore, India",Corporate,https://www.linkedin.com/jobs/search/?keywords=Data%20Analyst&location=Bangalore,LinkedIn,Full Time,1,"MSC, BSC, BTECH",True,170,10
real_mock_52,Consultant,Oracle,"Karnataka, India",Technology,https://www.naukri.com/consultant-jobs-in-karnataka,Naukri,Full Time,1,General,True,101,23
real_mock_53,Accountant,HDFC Bank,"Chennai, India",Technology,https://www.linkedin.com/jobs,Direct MNC,Full Time,1,General,False,47,5
real_mock_54,BCA Intern,Coal India,"Jalpaiguri, India",Corporate,https://www.linkedin.com/jobs/search/?keywords=BCA%20Intern&location=Jalpaiguri,LinkedIn,Full Time,1,BCA,False,28,6
real_mock_55,MCA Trainee,TCS,"Assam, India",Technology,https://www.naukri.com/mca-trainee-jobs-in-assam,Naukri,Full Time,1,MCA,False,34,4
real_mock_56,B.Tech Graduate,Infosys,"Meghalaya, India",Technology,https://www.linkedin.com/jobs,Direct MNC,Full Time,1,BTECH,False,6,6
real_mock_57,HR Manager,Wipro,"West Bengal, India",Corporate,https://www.linkedin.com/jobs/search/?keywords=HR%20Manager&location=West%20Bengal,LinkedIn,Full Time,1,NON-TECH,False,14,6
real_mock_58,Product Manager,Reliance,"Maharashtra, India",Technology,https://www.naukri.com/product-manager-jobs-in-maharashtra,Naukri,Full Time,1,General,False,48,4
real_mock_59,DevOps Engineer,L&T,"Tamil Nadu, India",Technology,https://www.linkedin.com/jobs,Direct MNC,Full Time,1,"BCA, BTECH, MCA",False,28,3
real_mock_60,Software Engineer,Capgemini,"Telangana, India",Corporate,https://www.linkedin.com/jobs/search/?keywords=Software%20Engineer&location=Telangana,LinkedIn,Full Time,1,"BCA, BTECH, MCA",True,86,8
real_mock_61,Data Analyst,Cognizant,"Gujarat, India",Technology,https://www.naukri.com/data-analyst-jobs-in-gujarat,Naukri,Full Time,1,"MSC, BSC, BTECH",True,180,8
real_mock_62,Consultant,Deloitte,"Pune, India",Technology,https://www.linkedin.com/jobs,Direct MNC,Full Time,1,General,True,188,13
real_mock_63,Accountant,Goldman Sachs,"Hyderabad, India",Corporate,https://www.linkedin.com/jobs/search/?keywords=Accountant&location=Hyderabad,LinkedIn,Full Time,1,General,True,57,20
real_mock_64,BCA Intern,KPMG,"Kerala, India",Technology,https://www.naukri.com/bca-intern-jobs-in-kerala,Naukri,Full Time,1,BCA,True,70,18
real_mock_65,MCA Trainee,PwC,"Punjab, India",Technology,https://www.linkedin.com/jobs,Direct MNC,Full Time,1,MCA,True,82,22
real_mock_66,B.Tech Graduate,Accenture,"Mumbai (Bombay), India",Corporate,https://www.linkedin.com/jobs/search/?keywords=B.Tech%20Graduate&location=Mumbai%20(Bombay),LinkedIn,Full Time,1,BTECH,True,59,22
real_mock_67,HR Manager,Oracle,"Navi Mumbai, India",Technology,https://www.naukri.com/hr-manager-jobs-in-navi-mumbai,Naukri,Full Time,1,NON-TECH,True,179,14
real_mock_68,Product Manager,HDFC Bank,"Delhi, India",Technology,https://www.linkedin.com/jobs,Direct MNC,Full Time,1,General,False,25,5
real_mock_69,DevOps Engineer,Coal India,"New Delhi, India",Corporate,https://www.linkedin.com/jobs/search/?keywords=DevOps%20Engineer&location=New%20Delhi,LinkedIn,Full Time,1,"BCA, BTECH, MCA",False,16,6
real_mock_70,Software Engineer,TCS,"Noida, India",Technology,https://www.naukri.com/software-engineer-jobs-in-noida,Naukri,Full Time,1,"BCA, BTECH, MCA",False,30,7
real_mock_71,Data Analyst,Infosys,"Gurgaon, India",Technology,https://www.linkedin.com/jobs,Direct MNC,Full Time,1,"MSC, BSC, BTECH",False,5,4
real_mock_72,Consultant,Wipro,"Gurugram, India",Corporate,https://www.linkedin.com/jobs/search/?keywords=Consultant&location=Gurugram,LinkedIn,Full Time,1,General,False,49,7
real_mock_73,Accountant,Reliance,"Bangalore, India",Technology,https://www.naukri.com/accountant-jobs-in-bangalore,Naukri,Full Time,1,General,False,22,7
real_mock_74,BCA Intern,L&T,"Karnataka, India",Technology,https://www.linkedin.com/jobs,Direct MNC,Full Time,1,BCA,False,34,3
real_mock_75,MCA Trainee,Capgemini,"Chennai, India",Corporate,https://www.linkedin.com/jobs/search/?keywords=MCA%20Trainee&location=Chennai,LinkedIn,Full Time,1,MCA,True,106,13
real_mock_76,B.Tech Graduate,Cognizant,"Jalpaiguri, India",Technology,https://www.naukri.com/b.tech-graduate-jobs-in-jalpaiguri,Naukri,Full Time,1,BTECH,True,101,10
real_mock_77,HR Manager,Deloitte,"Assam, India",Technology,https://www.linkedin.com/jobs,Direct MNC,Full Time,1,NON-TECH,True,67,10
real_mock_78,Product Manager,Goldman Sachs,"Meghalaya, India",Corporate,https://www.linkedin.com/jobs/search/?keywords=Product%20Manager&location=Meghalaya,LinkedIn,Full Time,1,General,True,97,21
real_mock_79,DevOps Engineer,KPMG,"West Bengal, India",Technology,https://www.naukri.com/devops-engineer-jobs-in-west-bengal,Naukri,Full Time,1,"BCA, BTECH, MCA",True,85,9
real_mock_80,Software Engineer,PwC,"Maharashtra, India",Technology,https://www.linkedin.com/jobs,Direct MNC,Full Time,1,"BCA, BTECH, MCA",True,153,13
real_mock_81,Data Analyst,Accenture,"Tamil Nadu, India",Corporate,https://www.linkedin.com/jobs/search/?keywords=Data%20Analyst&location=Tamil%20Nadu,LinkedIn,Full Time,1,"MSC, BSC, BTECH",True,152,7
real_mock_82,Consultant,Oracle,"Telangana, India",Technology,https://www.naukri.com/consultant-jobs-in-telangana,Naukri,Full Time,1,General,True,144,19
real_mock_83,Accountant,HDFC Bank,"Gujarat, India",Technology,https://www.linkedin.com/jobs,Direct MNC,Full Time,1,General,False,45,7
real_mock_84,BCA Intern,Coal India,"Pune, India",Corporate,https://www.linkedin.com/jobs/search/?keywords=BCA%20Intern&location=Pune,LinkedIn,Full Time,1,BCA,False,40,5
real_mock_85,MCA Trainee,TCS,"Hyderabad, India",Technology,https://www.naukri.com/mca-trainee-jobs-in-hyderabad,Naukri,Full Time,1,MCA,False,24,7
real_mock_86,B.Tech Graduate,Infosys,"Kerala, India",Technology,https://www.linkedin.com/jobs,Direct MNC,Full Time,1,BTECH,False,49,6
real_mock_87,HR Manager,Wipro,"Punjab, India",Corporate,https://www.linkedin.com/jobs/search/?keywords=HR%20Manager&location=Punjab,LinkedIn,Full Time,1,NON-TECH,False,49,3
real_mock_88,Product Manager,Reliance,"Mumbai (Bombay), India",Technology,https://www.naukri.com/product-manager-jobs-in-mumbai-(bombay),Naukri,Full Time,1,General,False,19,7
real_mock_89,DevOps Engineer,L&T,"Navi Mumbai, India",Technology,https://www.linkedin.com/jobs,Direct MNC,Full Time,1,"BCA, BTECH, MCA",False,9,7
real_mock_90,Software Engineer,Capgemini,"Delhi, India",Corporate,https://www.linkedin.com/jobs/search/?keywords=Software%20Engineer&location=Delhi,LinkedIn,Full Time,1,"BCA, BTECH, MCA",True,105,22
real_mock_91,Data Analyst,Cognizant,"New Delhi, India",Technology,https://www.naukri.com/data-analyst-jobs-in-new-delhi,Naukri,Full Time,1,"MSC, BSC, BTECH",True,54,11
real_mock_92,Consultant,Deloitte,"Noida, India",Technology,https://www.linkedin.com/jobs,Direct MNC,Full Time,1,General,True,177,6
real_mock_93,Accountant,Goldman Sachs,"Gurgaon, India",Corporate,https://www.linkedin.com/jobs/search/?keywords=Accountant&location=Gurgaon,LinkedIn,Full Time,1,General,True,170,7
real_mock_94,BCA Intern,KPMG,"Gurugram, India",Technology,https://www.naukri.com/bca-intern-jobs-in-gurugram,Naukri,Full Time,1,BCA,True,89,20
real_mock_95,MCA Trainee,PwC,"Bangalore, India",Technology,https://www.linkedin.com/jobs,Direct MNC,Full Time,1,MCA,True,133,7
real_mock_96,B.Tech Graduate,Accenture,"Karnataka, India",Corporate,https://www.linkedin.com/jobs/search/?keywords=B.Tech%20Graduate&location=Karnataka,LinkedIn,Full Time,1,BTECH,True,147,12
real_mock_97,HR Manager,Oracle,"Chennai, India",Technology,https://www.naukri.com/hr-manager-jobs-in-chennai,Naukri,Full Time,1,NON-TECH,True,66,15
real_mock_98,Product Manager,HDFC Bank,"Jalpaiguri, India",Technology,https://www.linkedin.com/jobs,Direct MNC,Full Time,1,General,False,28,4
real_mock_99,DevOps Engineer,Coal India,"Assam, India",Corporate,https://www.linkedin.com/jobs/search/?keywords=DevOps%20Engineer&location=Assam,LinkedIn,Full Time,1,"BCA, BTECH, MCA",False,39,3
real_mock_100,Software Engineer,TCS,"Meghalaya, India",Technology,https://www.naukri.com/software-engineer-jobs-in-meghalaya,Naukri,Full Time,1,"BCA, BTECH, MCA",False,32,5
real_mock_101,Data Analyst,Infosys,"West Bengal, India",Technology,https://www.linkedin.com/jobs,Direct MNC,Full Time,1,"MSC, BSC, BTECH",False,31,3
real_mock_102,Consultant,Wipro,"Maharashtra, India",Corporate,https://www.linkedin.com/jobs/search/?keywords=Consultant&location=Maharashtra,LinkedIn,Full Time,1,General,False,35,6
real_mock_103,Accountant,Reliance,"Tamil Nadu, India",Technology,https://www.naukri.com/accountant-jobs-in-tamil-nadu,Naukri,Full Time,1,General,False,11,6
real_mock_104,BCA Intern,L&T,"Telangana, India",Technology,https://www.linkedin.com/jobs,Direct MNC,Full Time,1,BCA,False,26,3
real_mock_105,MCA Trainee,Capgemini,"Gujarat, India",Corporate,https://www.linkedin.com/jobs/search/?keywords=MCA%20Trainee&location=Gujarat,LinkedIn,Full Time,1,MCA,True,199,16
real_mock_106,B.Tech Graduate,Cognizant,"Pune, India",Technology,https://www.naukri.com/b.tech-graduate-jobs-in-pune,Naukri,Full Time,1,BTECH,True,130,15
real_mock_107,HR Manager,Deloitte,"Hyderabad, India",Technology,https://www.linkedin.com/jobs,Direct MNC,Full Time,1,NON-TECH,True,123,24
real_mock_108,Product Manager,Goldman Sachs,"Kerala, India",Corporate,https://www.linkedin.com/jobs/search/?keywords=Product%20Manager&location=Kerala,LinkedIn,Full Time,1,General,True,187,15
real_mock_109,DevOps Engineer,KPMG,"Punjab, India",Technology,https://www.naukri.com/devops-engineer-jobs-in-punjab,Naukri,Full Time,1,"BCA, BTECH, MCA",True,116,16
real_mock_110,Software Engineer,PwC,"Mumbai (Bombay), India",Technology,https://www.linkedin.com/jobs,Direct MNC,Full Time,1,"BCA, BTECH, MCA",True,157,9
real_mock_111,Data Analyst,Accenture,"Navi Mumbai, India",Corporate,https://www.linkedin.com/jobs/search/?keywords=Data%20Analyst&location=Navi%20Mumbai,LinkedIn,Full Time,1,"MSC, BSC, BTECH",True,57,18
real_mock_112,Consultant,Oracle,"Delhi, India",Technology,https://www.naukri.com/consultant-jobs-in-delhi,Naukri,Full Time,1,General,True,178,6
real_mock_113,Accountant,HDFC Bank,"New Delhi, India",Technology,https://www.linkedin.com/jobs,Direct MNC,Full Time,1,General,False,24,5
real_mock_114,BCA Intern,Coal India,"Noida, India",Corporate,https://www.linkedin.com/jobs/search/?keywords=BCA%20Intern&location=Noida,LinkedIn,Full Time,1,BCA,False,48,4
real_mock_115,MCA Trainee,TCS,"Gurgaon, India",Technology,https://www.naukri.com/mca-trainee-jobs-in-gurgaon,Naukri,Full Time,1,MCA,False,13,7
real_mock_116,B.Tech Graduate,Infosys,"Gurugram, India",Technology,https://www.linkedin.com/jobs,Direct MNC,Full Time,1,BTECH,False,16,5
real_mock_117,HR Manager,Wipro,"Bangalore, India",Corporate,https://www.linkedin.com/jobs/search/?keywords=HR%20Manager&location=Bangalore,LinkedIn,Full Time,1,NON-TECH,False,49,6
real_mock_118,Product Manager,Reliance,"Karnataka, India",Technology,https://www.naukri.com/product-manager-jobs-in-karnataka,Naukri,Full Time,1,General,False,35,7
real_mock_119,DevOps Engineer,L&T,"Chennai, India",Technology,https://www.linkedin.com/jobs,Direct MNC,Full Time,1,"BCA, BTECH, MCA",False,6,3
real_mock_120,Software Engineer,Capgemini,"Jalpaiguri, India",Corporate,https://www.linkedin.com/jobs/search/?keywords=Software%20Engineer&location=Jalpaiguri,LinkedIn,Full Time,1,"BCA, BTECH, MCA",True,183,7
real_mock_121,Data Analyst,Cognizant,"Assam, India",Technology,https://www.naukri.com/data-analyst-jobs-in-assam,Naukri,Full Time,1,"MSC, BSC, BTECH",True,175,14
real_mock_122,Consultant,Deloitte,"Meghalaya, India",Technology,https://www.linkedin.com/jobs,Direct MNC,Full Time,1,General,True,134,19
real_mock_123,Accountant,Goldman Sachs,"West Bengal, India",Corporate,https://www.linkedin.com/jobs/search/?keywords=Accountant&location=West%20Bengal,LinkedIn,Full Time,1,General,True,174,17
real_mock_124,BCA Intern,KPMG,"Maharashtra, India",Technology,https://www.naukri.com/bca-intern-jobs-in-maharashtra,Naukri,Full Time,1,BCA,True,74,20
real_mock_125,MCA Trainee,PwC,"Tamil Nadu, India",Technology,https://www.linkedin.com/jobs,Direct MNC,Full Time,1,MCA,True,128,8
real_mock_126,B.Tech Graduate,Accenture,"Telangana, India",Corporate,https://www.linkedin.com/jobs/search/?keywords=B.Tech%20Graduate&location=Telangana,LinkedIn,Full Time,1,BTECH,True,64,16
real_mock_127,HR Manager,Oracle,"Gujarat, India",Technology,https://www.naukri.com/hr-manager-jobs-in-gujarat,Naukri,Full Time,1,NON-TECH,True,71,21
real_mock_128,Product Manager,HDFC Bank,"Pune, India",Technology,https://www.linkedin.com/jobs,Direct MNC,Full Time,1,General,False,36,5
real_mock_129,DevOps Engineer,Coal India,"Hyderabad, India",Corporate,https://www.linkedin.com/jobs/search/?keywords=DevOps%20Engineer&location=Hyderabad,LinkedIn,Full Time,1,"BCA, BTECH, MCA",False,22,3
real_mock_130,Software Engineer,TCS,"Kerala, India",Technology,https://www.naukri.com/software-engineer-jobs-in-kerala,Naukri,Full Time,1,"BCA, BTECH, MCA",False,20,7
real_mock_131,Data Analyst,Infosys,"Punjab, India",Technology,https://www.linkedin.com/jobs,Direct MNC,Full Time,1,"MSC, BSC, BTECH",False,22,5
real_mock_132,Consultant,Wipro,"Mumbai (Bombay), India",Corporate,https://www.linkedin.com/jobs/search/?keywords=Consultant&location=Mumbai%20(Bombay),LinkedIn,Full Time,1,General,False,49,6
real_mock_133,Accountant,Reliance,"Navi Mumbai, India",Technology,https://www.naukri.com/accountant-jobs-in-navi-mumbai,Naukri,Full Time,1,General,False,11,4
real_mock_134,BCA Intern,L&T,"Delhi, India",Technology,https://www.linkedin.com/jobs,Direct MNC,Full Time,1,BCA,False,12,5
real_mock_135,MCA Trainee,Capgemini,"New Delhi, India",Corporate,https://www.linkedin.com/jobs/search/?keywords=MCA%20Trainee&location=New%20Delhi,LinkedIn,Full Time,1,MCA,True,188,9
real_mock_136,B.Tech Graduate,Cognizant,"Noida, India",Technology,https://www.naukri.com/b.tech-graduate-jobs-in-noida,Naukri,Full Time,1,BTECH,True,175,21
real_mock_137,HR Manager,Deloitte,"Gurgaon, India",Technology,https://www.linkedin.com/jobs,Direct MNC,Full Time,1,NON-TECH,True,161,24
real_mock_138,Product Manager,Goldman Sachs,"Gurugram, India",Corporate,https://www.linkedin.com/jobs/search/?keywords=Product%20Manager&location=Gurugram,LinkedIn,Full Time,1,General,True,125,6
real_mock_139,DevOps Engineer,KPMG,"Bangalore, India",Technology,https://www.naukri.com/devops-engineer-jobs-in-bangalore,Naukri,Full Time,1,"BCA, BTECH, MCA",True,133,12
real_mock_140,Software Engineer,PwC,"Karnataka, India",Technology,https://www.linkedin.com/jobs,Direct MNC,Full Time,1,"BCA, BTECH, MCA",True,168,11
real_mock_141,Data Analyst,Accenture,"Chennai, India",Corporate,https://www.linkedin.com/jobs/search/?keywords=Data%20Analyst&location=Chennai,LinkedIn,Full Time,1,"MSC, BSC, BTECH",True,79,22
real_mock_142,Consultant,Oracle,"Jalpaiguri, India",Technology,https://www.naukri.com/consultant-jobs-in-jalpaiguri,Naukri,Full Time,1,General,True,176,22
real_mock_143,Accountant,HDFC Bank,"Assam, India",Technology,https://www.linkedin.com/jobs,Direct MNC,Full Time,1,General,False,36,6
real_mock_144,BCA Intern,Coal India,"Meghalaya, India",Corporate,https://www.linkedin.com/jobs/search/?keywords=BCA%20Intern&location=Meghalaya,LinkedIn,Full Time,1,BCA,False,24,6
real_mock_145,MCA Trainee,TCS,"West Bengal, India",Technology,https://www.naukri.com/mca-trainee-jobs-in-west-bengal,Naukri,Full Time,1,MCA,False,41,7
real_mock_146,B.Tech Graduate,Infosys,"Maharashtra, India",Technology,https://www.linkedin.com/jobs,Direct MNC,Full Time,1,BTECH,False,8,5
real_mock_147,HR Manager,Wipro,"Tamil Nadu, India",Corporate,https://www.linkedin.com/jobs/search/?keywords=HR%20Manager&location=Tamil%20Nadu,LinkedIn,Full Time,1,NON-TECH,False,34,4
real_mock_148,Product Manager,Reliance,"Telangana, India",Technology,https://www.naukri.com/product-manager-jobs-in-telangana,Naukri,Full Time,1,General,False,22,6
real_mock_149,DevOps Engineer,L&T,"Gujarat, India",Technology,https://www.linkedin.com/jobs,Direct MNC,Full Time,1,"BCA, BTECH, MCA",False,12,4
real_mock_150,Software Engineer,Capgemini,"Pune, India",Corporate,https://www.linkedin.com/jobs/search/?keywords=Software%20Engineer&location=Pune,LinkedIn,Full Time,1,"BCA, BTECH, MCA",True,192,18
real_mock_151,Data Analyst,Cognizant,"Hyderabad, India",Technology,https://www.naukri.com/data-analyst-jobs-in-hyderabad,Naukri,Full Time,1,"MSC, BSC, BTECH",True,119,16
real_mock_152,Consultant,Deloitte,"Kerala, India",Technology,https://www.linkedin.com/jobs,Direct MNC,Full Time,1,General,True,67,12
real_mock_153,Accountant,Goldman Sachs,"Punjab, India",Corporate,https://www.linkedin.com/jobs/search/?keywords=Accountant&location=Punjab,LinkedIn,Full Time,1,General,True,106,15
real_mock_154,BCA Intern,KPMG,"Mumbai (Bombay), India",Technology,https://www.naukri.com/bca-intern-jobs-in-mumbai-(bombay),Naukri,Full Time,1,BCA,True,69,18
real_mock_155,MCA Trainee,PwC,"Navi Mumbai, India",Technology,https://www.linkedin.com/jobs,Direct MNC,Full Time,1,MCA,True,186,18
real_mock_156,B.Tech Graduate,Accenture,"Delhi, India",Corporate,https://www.linkedin.com/jobs/search/?keywords=B.Tech%20Graduate&location=Delhi,LinkedIn,Full Time,1,BTECH,True,135,17
real_mock_157,HR Manager,Oracle,"New Delhi, India",Technology,https://www.naukri.com/hr-manager-jobs-in-new-delhi,Naukri,Full Time,1,NON-TECH,True,155,17
real_mock_158,Product Manager,HDFC Bank,"Noida, India",Technology,https://www.linkedin.com/jobs,Direct MNC,Full Time,1,General,False,5,4
real_mock_159,DevOps Engineer,Coal India,"Gurgaon, India",Corporate,https://www.linkedin.com/jobs/search/?keywords=DevOps%20Engineer&location=Gurgaon,LinkedIn,Full Time,1,"BCA, BTECH, MCA",False,13,3
real_mock_160,Software Engineer,TCS,"Gurugram, India",Technology,https://www.naukri.com/software-engineer-jobs-in-gurugram,Naukri,Full Time,1,"BCA, BTECH, MCA",False,28,6
real_mock_161,Data Analyst,Infosys,"Bangalore, India",Technology,https://www.linkedin.com/jobs,Direct MNC,Full Time,1,"MSC, BSC, BTECH",False,33,4
real_mock_162,Consultant,Wipro,"Karnataka, India",Corporate,https://www.linkedin.com/jobs/search/?keywords=Consultant&location=Karnataka,LinkedIn,Full Time,1,General,False,16,4
real_mock_163,Accountant,Reliance,"Chennai, India",Technology,https://www.naukri.com/accountant-jobs-in-chennai,Naukri,Full Time,1,General,False,17,7
real_mock_164,BCA Intern,L&T,"Jalpaiguri, India",Technology,https://www.linkedin.com/jobs,Direct MNC,Full Time,1,BCA,False,42,4
real_mock_165,MCA Trainee,Capgemini,"Assam, India",Corporate,https://www.linkedin.com/jobs/search/?keywords=MCA%20Trainee&location=Assam,LinkedIn,Full Time,1,MCA,True,144,20
real_mock_166,B.Tech Graduate,Cognizant,"Meghalaya, India",Technology,https://www.naukri.com/b.tech-graduate-jobs-in-meghalaya,Naukri,Full Time,1,BTECH,True,98,24
real_mock_167,HR Manager,Deloitte,"West Bengal, India",Technology,https://www.linkedin.com/jobs,Direct MNC,Full Time,1,NON-TECH,True,93,22
real_mock_168,Product Manager,Goldman Sachs,"Maharashtra, India",Corporate,https://www.linkedin.com/jobs/search/?keywords=Product%20Manager&location=Maharashtra,LinkedIn,Full Time,1,General,True,129,8
real_mock_169,DevOps Engineer,KPMG,"Tamil Nadu, India",Technology,https://www.naukri.com/devops-engineer-jobs-in-tamil-nadu,Naukri,Full Time,1,"BCA, BTECH, MCA",True,165,13
real_mock_170,Software Engineer,PwC,"Telangana, India",Technology,https://www.linkedin.com/jobs,Direct MNC,Full Time,1,"BCA, BTECH, MCA",True,112,23
real_mock_171,Data Analyst,Accenture,"Gujarat, India",Corporate,https://www.linkedin.com/jobs/search/?keywords=Data%20Analyst&location=Gujarat,LinkedIn,Full Time,1,"MSC, BSC, BTECH",True,112,13
real_mock_172,Consultant,Oracle,"Pune, India",Technology,https://www.naukri.com/consultant-jobs-in-pune,Naukri,Full Time,1,General,True,165,17
real_mock_173,Accountant,HDFC Bank,"Hyderabad, India",Technology,https://www.linkedin.com/jobs,Direct MNC,Full Time,1,General,False,25,6
real_mock_174,BCA Intern,Coal India,"Kerala, India",Corporate,https://www.linkedin.com/jobs/search/?keywords=BCA%20Intern&location=Kerala,LinkedIn,Full Time,1,BCA,False,13,3
real_mock_175,MCA Trainee,TCS,"Punjab, India",Technology,https://www.naukri.com/mca-trainee-jobs-in-punjab,Naukri,Full Time,1,MCA,False,19,6
real_mock_176,B.Tech Graduate,Infosys,"Mumbai (Bombay), India",Technology,https://www.linkedin.com/jobs,Direct MNC,Full Time,1,BTECH,False,8,6
real_mock_177,HR Manager,Wipro,"Navi Mumbai, India",Corporate,https://www.linkedin.com/jobs/search/?keywords=HR%20Manager&location=Navi%20Mumbai,LinkedIn,Full Time,1,NON-TECH,False,7,7
real_mock_178,Product Manager,Reliance,"Delhi, India",Technology,https://www.naukri.com/product-manager-jobs-in-delhi,Naukri,Full Time,1,General,False,19,4
real_mock_179,DevOps Engineer,L&T,"New Delhi, India",Technology,https://www.linkedin.com/jobs,Direct MNC,Full Time,1,"BCA, BTECH, MCA",False,44,3
real_mock_180,Software Engineer,Capgemini,"Noida, India",Corporate,https://www.linkedin.com/jobs/search/?keywords=Software%20Engineer&location=Noida,LinkedIn,Full Time,1,"BCA, BTECH, MCA",True,68,14
real_mock_181,Data Analyst,Cognizant,"Gurgaon, India",Technology,https://www.naukri.com/data-analyst-jobs-in-gurgaon,Naukri,Full Time,1,"MSC, BSC, BTECH",True,118,17
real_mock_182,Consultant,Deloitte,"Gurugram, India",Technology,https://www.linkedin.com/jobs,Direct MNC,Full Time,1,General,True,169,17
real_mock_183,Accountant,Goldman Sachs,"Bangalore, India",Corporate,https://www.linkedin.com/jobs/search/?keywords=Accountant&location=Bangalore,LinkedIn,Full Time,1,General,True,121,11
real_mock_184,BCA Intern,KPMG,"Karnataka, India",Technology,https://www.naukri.com/bca-intern-jobs-in-karnataka,Naukri,Full Time,1,BCA,True,163,20
real_mock_185,MCA Trainee,PwC,"Chennai, India",Technology,https://www.linkedin.com/jobs,Direct MNC,Full Time,1,MCA,True,140,8
real_mock_186,B.Tech Graduate,Accenture,"Jalpaiguri, India",Corporate,https://www.linkedin.com/jobs/search/?keywords=B.Tech%20Graduate&location=Jalpaiguri,LinkedIn,Full Time,1,BTECH,True,70,23
real_mock_187,HR Manager,Oracle,"Assam, India",Technology,https://www.naukri.com/hr-manager-jobs-in-assam,Naukri,Full Time,1,NON-TECH,True,67,21
real_mock_188,Product Manager,HDFC Bank,"Meghalaya, India",Technology,https://www.linkedin.com/jobs,Direct MNC,Full Time,1,General,False,33,7
real_mock_189,DevOps Engineer,Coal India,"West Bengal, India",Corporate,https://www.linkedin.com/jobs/search/?keywords=DevOps%20Engineer&location=West%20Bengal,LinkedIn,Full Time,1,"BCA, BTECH, MCA",False,10,4
real_mock_190,Software Engineer,TCS,"Maharashtra, India",Technology,https://www.naukri.com/software-engineer-jobs-in-maharashtra,Naukri,Full Time,1,"BCA, BTECH, MCA",False,44,4
real_mock_191,Data Analyst,Infosys,"Tamil Nadu, India",Technology,https://www.linkedin.com/jobs,Direct MNC,Full Time,1,"MSC, BSC, BTECH",False,35,3
real_mock_192,Consultant,Wipro,"Telangana, India",Corporate,https://www.linkedin.com/jobs/search/?keywords=Consultant&location=Telangana,LinkedIn,Full Time,1,General,False,36,4
real_mock_193,Accountant,Reliance,"Gujarat, India",Technology,https://www.naukri.com/accountant-jobs-in-gujarat,Naukri,Full Time,1,General,False,31,5
real_mock_194,BCA Intern,L&T,"Pune, India",Technology,https://www.linkedin.com/jobs,Direct MNC,Full Time,1,BCA,False,32,7
real_mock_195,MCA Trainee,Capgemini,"Hyderabad, India",Corporate,https://www.linkedin.com/jobs/search/?keywords=MCA%20Trainee&location=Hyderabad,LinkedIn,Full Time,1,MCA,True,139,17
real_mock_196,B.Tech Graduate,Cognizant,"Kerala, India",Technology,https://www.naukri.com/b.tech-graduate-jobs-in-kerala,Naukri,Full Time,1,BTECH,True,84,9
real_mock_197,HR Manager,Deloitte,"Punjab, India",Technology,https://www.linkedin.com/jobs,Direct MNC,Full Time,1,NON-TECH,True,164,8
real_mock_198,Product Manager,Goldman Sachs,"Mumbai (Bombay), India",Corporate,https://www.linkedin.com/jobs/search/?keywords=Product%20Manager&location=Mumbai%20(Bombay),LinkedIn,Full Time,1,General,True,69,15
real_mock_199,DevOps Engineer,KPMG,"Navi Mumbai, India",Technology,https://www.naukri.com/devops-engineer-jobs-in-navi-mumbai,Naukri,Full Time,1,"BCA, BTECH, MCA",True,175,19
real_mock_200,Software Engineer,PwC,"Delhi, India",Technology,https://www.linkedin.com/jobs,Direct MNC,Full Time,1,"BCA, BTECH, MCA",True,112,10
real_mock_201,Data Analyst,Accenture,"New Delhi, India",Corporate,https://www.linkedin.com/jobs/search/?keywords=Data%20Analyst&location=New%20Delhi,LinkedIn,Full Time,1,"MSC, BSC, BTECH",True,54,22
real_mock_202,Consultant,Oracle,"Noida, India",Technology,https://www.naukri.com/consultant-jobs-in-noida,Naukri,Full Time,1,General,True,109,6
real_mock_203,Accountant,HDFC Bank,"Gurgaon, India",Technology,https://www.linkedin.com/jobs,Direct MNC,Full Time,1,General,False,37,3
real_mock_204,BCA Intern,Coal India,"Gurugram, India",Corporate,https://www.linkedin.com/jobs/search/?keywords=BCA%20Intern&location=Gurugram,LinkedIn,Full Time,1,BCA,False,46,4
real_mock_205,MCA Trainee,TCS,"Bangalore, India",Technology,https://www.naukri.com/mca-trainee-jobs-in-bangalore,Naukri,Full Time,1,MCA,False,38,4
real_mock_206,B.Tech Graduate,Infosys,"Karnataka, India",Technology,https://www.linkedin.com/jobs,Direct MNC,Full Time,1,BTECH,False,33,3
real_mock_207,HR Manager,Wipro,"Chennai, India",Corporate,https://www.linkedin.com/jobs/search/?keywords=HR%20Manager&location=Chennai,LinkedIn,Full Time,1,NON-TECH,False,9,3
real_mock_208,Product Manager,Reliance,"Jalpaiguri, India",Technology,https://www.naukri.com/product-manager-jobs-in-jalpaiguri,Naukri,Full Time,1,General,False,37,3
real_mock_209,DevOps Engineer,L&T,"Assam, India",Technology,https://www.linkedin.com/jobs,Direct MNC,Full Time,1,"BCA, BTECH, MCA",False,37,5
real_mock_210,Software Engineer,Capgemini,"Meghalaya, India",Corporate,https://www.linkedin.com/jobs/search/?keywords=Software%20Engineer&location=Meghalaya,LinkedIn,Full Time,1,"BCA, BTECH, MCA",True,172,17
real_mock_211,Data Analyst,Cognizant,"West Bengal, India",Technology,https://www.naukri.com/data-analyst-jobs-in-west-bengal,Naukri,Full Time,1,"MSC, BSC, BTECH",True,181,8
real_mock_212,Consultant,Deloitte,"Maharashtra, India",Technology,https://www.linkedin.com/jobs,Direct MNC,Full Time,1,General,True,65,7
real_mock_213,Accountant,Goldman Sachs,"Tamil Nadu, India",Corporate,https://www.linkedin.com/jobs/search/?keywords=Accountant&location=Tamil%20Nadu,LinkedIn,Full Time,1,General,True,150,15
real_mock_214,BCA Intern,KPMG,"Telangana, India",Technology,https://www.naukri.com/bca-intern-jobs-in-telangana,Naukri,Full Time,1,BCA,True,141,22
real_mock_215,MCA Trainee,PwC,"Gujarat, India",Technology,https://www.linkedin.com/jobs,Direct MNC,Full Time,1,MCA,True,171,19
real_mock_216,B.Tech Graduate,Accenture,"Pune, India",Corporate,https://www.linkedin.com/jobs/search/?keywords=B.Tech%20Graduate&location=Pune,LinkedIn,Full Time,1,BTECH,True,108,18
real_mock_217,HR Manager,Oracle,"Hyderabad, India",Technology,https://www.naukri.com/hr-manager-jobs-in-hyderabad,Naukri,Full Time,1,NON-TECH,True,168,8
real_mock_218,Product Manager,HDFC Bank,"Kerala, India",Technology,https://www.linkedin.com/jobs,Direct MNC,Full Time,1,General,False,12,7
real_mock_219,DevOps Engineer,Coal India,"Punjab, India",Corporate,https://www.linkedin.com/jobs/search/?keywords=DevOps%20Engineer&location=Punjab,LinkedIn,Full Time,1,"BCA, BTECH, MCA",False,37,4
real_mock_220,Software Engineer,TCS,"Mumbai (Bombay), India",Technology,https://www.naukri.com/software-engineer-jobs-in-mumbai-(bombay),Naukri,Full Time,1,"BCA, BTECH, MCA",False,20,6
real_mock_221,Data Analyst,Infosys,"Navi Mumbai, India",Technology,https://www.linkedin.com/jobs,Direct MNC,Full Time,1,"MSC, BSC, BTECH",False,37,3
real_mock_222,Consultant,Wipro,"Delhi, India",Corporate,https://www.linkedin.com/jobs/search/?keywords=Consultant&location=Delhi,LinkedIn,Full Time,1,General,False,31,5
real_mock_223,Accountant,Reliance,"New Delhi, India",Technology,https://www.naukri.com/accountant-jobs-in-new-delhi,Naukri,Full Time,1,General,False,29,5
real_mock_224,BCA Intern,L&T,"Noida, India",Technology,https://www.linkedin.com/jobs,Direct MNC,Full Time,1,BCA,False,43,4
real_mock_225,MCA Trainee,Capgemini,"Gurgaon, India",Corporate,https://www.linkedin.com/jobs/search/?keywords=MCA%20Trainee&location=Gurgaon,LinkedIn,Full Time,1,MCA,True,71,24
real_mock_226,B.Tech Graduate,Cognizant,"Gurugram, India",Technology,https://www.naukri.com/b.tech-graduate-jobs-in-gurugram,Naukri,Full Time,1,BTECH,True,51,18
real_mock_227,HR Manager,Deloitte,"Bangalore, India",Technology,https://www.linkedin.com/jobs,Direct MNC,Full Time,1,NON-TECH,True,82,19
real_mock_228,Product Manager,Goldman Sachs,"Karnataka, India",Corporate,https://www.linkedin.com/jobs/search/?keywords=Product%20Manager&location=Karnataka,LinkedIn,Full Time,1,General,True,106,17
real_mock_229,DevOps Engineer,KPMG,"Chennai, India",Technology,https://www.naukri.com/devops-engineer-jobs-in-chennai,Naukri,Full Time,1,"BCA, BTECH, MCA",True,159,7
real_mock_230,Software Engineer,PwC,"Jalpaiguri, India",Technology,https://www.linkedin.com/jobs,Direct MNC,Full Time,1,"BCA, BTECH, MCA",True,179,15
real_mock_231,Data Analyst,Accenture,"Assam, India",Corporate,https://www.linkedin.com/jobs/search/?keywords=Data%20Analyst&location=Assam,LinkedIn,Full Time,1,"MSC, BSC, BTECH",True,72,6
real_mock_232,Consultant,Oracle,"Meghalaya, India",Technology,https://www.naukri.com/consultant-jobs-in-meghalaya,Naukri,Full Time,1,General,True,195,11
real_mock_233,Accountant,HDFC Bank,"West Bengal, India",Technology,https://www.linkedin.com/jobs,Direct MNC,Full Time,1,General,False,45,7
real_mock_234,BCA Intern,Coal India,"Maharashtra, India",Corporate,https://www.linkedin.com/jobs/search/?keywords=BCA%20Intern&location=Maharashtra,LinkedIn,Full Time,1,BCA,False,45,3
real_mock_235,MCA Trainee,TCS,"Tamil Nadu, India",Technology,https://www.naukri.com/mca-trainee-jobs-in-tamil-nadu,Naukri,Full Time,1,MCA,False,20,7
real_mock_236,B.Tech Graduate,Infosys,"Telangana, India",Technology,https://www.linkedin.com/jobs,Direct MNC,Full Time,1,BTECH,False,27,3
real_mock_237,HR Manager,Wipro,"Gujarat, India",Corporate,https://www.linkedin.com/jobs/search/?keywords=HR%20Manager&location=Gujarat,LinkedIn,Full Time,1,NON-TECH,False,19,3
real_mock_238,Product Manager,Reliance,"Pune, India",Technology,https://www.naukri.com/product-manager-jobs-in-pune,Naukri,Full Time,1,General,False,13,7
real_mock_239,DevOps Engineer,L&T,"Hyderabad, India",Technology,https://www.linkedin.com/jobs,Direct MNC,Full Time,1,"BCA, BTECH, MCA",False,40,3
real_mock_240,Software Engineer,Capgemini,"Kerala, India",Corporate,https://www.linkedin.com/jobs/search/?keywords=Software%20Engineer&location=Kerala,LinkedIn,Full Time,1,"BCA, BTECH, MCA",True,81,16
real_mock_241,Data Analyst,Cognizant,"Punjab, India",Technology,https://www.naukri.com/data-analyst-jobs-in-punjab,Naukri,Full Time,1,"MSC, BSC, BTECH",True,136,14
real_mock_242,Consultant,Deloitte,"Mumbai (Bombay), India",Technology,https://www.linkedin.com/jobs,Direct MNC,Full Time,1,General,True,173,24
real_mock_243,Accountant,Goldman Sachs,"Navi Mumbai, India",Corporate,https://www.linkedin.com/jobs/search/?keywords=Accountant&location=Navi%20Mumbai,LinkedIn,Full Time,1,General,True,133,22
real_mock_244,BCA Intern,KPMG,"Delhi, India",Technology,https://www.naukri.com/bca-intern-jobs-in-delhi,Naukri,Full Time,1,BCA,True,190,15
real_mock_245,MCA Trainee,PwC,"New Delhi, India",Technology,https://www.linkedin.com/jobs,Direct MNC,Full Time,1,MCA,True,172,20
real_mock_246,B.Tech Graduate,Accenture,"Noida, India",Corporate,https://www.linkedin.com/jobs/search/?keywords=B.Tech%20Graduate&location=Noida,LinkedIn,Full Time,1,BTECH,True,176,10
real_mock_247,HR Manager,Oracle,"Gurgaon, India",Technology,https://www.naukri.com/hr-manager-jobs-in-gurgaon,Naukri,Full Time,1,NON-TECH,True,100,6
real_mock_248,Product Manager,HDFC Bank,"Gurugram, India",Technology,https://www.linkedin.com/jobs,Direct MNC,Full Time,1,General,False,22,4
real_mock_249,DevOps Engineer,Coal India,"Bangalore, India",Corporate,https://www.linkedin.com/jobs/search/?keywords=DevOps%20Engineer&location=Bangalore,LinkedIn,Full Time,1,"BCA, BTECH, MCA",False,22,4
real_mock_250,Software Engineer,TCS,"Karnataka, India",Technology,https://www.naukri.com/software-engineer-jobs-in-karnataka,Naukri,Full Time,1,"BCA, BTECH, MCA",False,10,4
real_mock_251,Data Analyst,Infosys,"Chennai, India",Technology,https://www.linkedin.com/jobs,Direct MNC,Full Time,1,"MSC, BSC, BTECH",False,46,4
real_mock_252,Consultant,Wipro,"Jalpaiguri, India",Corporate,https://www.linkedin.com/jobs/search/?keywords=Consultant&location=Jalpaiguri,LinkedIn,Full Time,1,General,False,18,6
real_mock_253,Accountant,Reliance,"Assam, India",Technology,https://www.naukri.com/accountant-jobs-in-assam,Naukri,Full Time,1,General,False,41,4
real_mock_254,BCA Intern,L&T,"Meghalaya, India",Technology,https://www.linkedin.com/jobs,Direct MNC,Full Time,1,BCA,False,25,5
real_mock_255,MCA Trainee,Capgemini,"West Bengal, India",Corporate,https://www.linkedin.com/jobs/search/?keywords=MCA%20Trainee&location=West%20Bengal,LinkedIn,Full Time,1,MCA,True,190,20
real_mock_256,B.Tech Graduate,Cognizant,"Maharashtra, India",Technology,https://www.naukri.com/b.tech-graduate-jobs-in-maharashtra,Naukri,Full Time,1,BTECH,True,135,11
real_mock_257,HR Manager,Deloitte,"Tamil Nadu, India",Technology,https://www.linkedin.com/jobs,Direct MNC,Full Time,1,NON-TECH,True,50,24
real_mock_258,Product Manager,Goldman Sachs,"Telangana, India",Corporate,https://www.linkedin.com/jobs/search/?keywords=Product%20Manager&location=Telangana,LinkedIn,Full Time,1,General,True,146,18
real_mock_259,DevOps Engineer,KPMG,"Gujarat, India",Technology,https://www.naukri.com/devops-engineer-jobs-in-gujarat,Naukri,Full Time,1,"BCA, BTECH, MCA",True,188,14
real_mock_260,Software Engineer,PwC,"Pune, India",Technology,https://www.linkedin.com/jobs,Direct MNC,Full Time,1,"BCA, BTECH, MCA",True,104,22
real_mock_261,Data Analyst,Accenture,"Hyderabad, India",Corporate,https://www.linkedin.com/jobs/search/?keywords=Data%20Analyst&location=Hyderabad,LinkedIn,Full Time,1,"MSC, BSC, BTECH",True,100,22
real_mock_262,Consultant,Oracle,"Kerala, India",Technology,https://www.naukri.com/consultant-jobs-in-kerala,Naukri,Full Time,1,General,True,75,18
real_mock_263,Accountant,HDFC Bank,"Punjab, India",Technology,https://www.linkedin.com/jobs,Direct MNC,Full Time,1,General,False,20,3
real_mock_264,BCA Intern,Coal India,"Mumbai (Bombay), India",Corporate,https://www.linkedin.com/jobs/search/?keywords=BCA%20Intern&location=Mumbai%20(Bombay),LinkedIn,Full Time,1,BCA,False,44,7
real_mock_265,MCA Trainee,TCS,"Navi Mumbai, India",Technology,https://www.naukri.com/mca-trainee-jobs-in-navi-mumbai,Naukri,Full Time,1,MCA,False,42,3
real_mock_266,B.Tech Graduate,Infosys,"Delhi, India",Technology,https://www.linkedin.com/jobs,Direct MNC,Full Time,1,BTECH,False,29,4
real_mock_267,HR Manager,Wipro,"New Delhi, India",Corporate,https://www.linkedin.com/jobs/search/?keywords=HR%20Manager&location=New%20Delhi,LinkedIn,Full Time,1,NON-TECH,False,13,4
real_mock_268,Product Manager,Reliance,"Noida, India",Technology,https://www.naukri.com/product-manager-jobs-in-noida,Naukri,Full Time,1,General,False,45,6
real_mock_269,DevOps Engineer,L&T,"Gurgaon, India",Technology,https://www.linkedin.com/jobs,Direct MNC,Full Time,1,"BCA, BTECH, MCA",False,22,7
real_mock_270,Software Engineer,Capgemini,"Gurugram, India",Corporate,https://www.linkedin.com/jobs/search/?keywords=Software%20Engineer&location=Gurugram,LinkedIn,Full Time,1,"BCA, BTECH, MCA",True,160,9
real_mock_271,Data Analyst,Cognizant,"Bangalore, India",Technology,https://www.naukri.com/data-analyst-jobs-in-bangalore,Naukri,Full Time,1,"MSC, BSC, BTECH",True,98,21
real_mock_272,Consultant,Deloitte,"Karnataka, India",Technology,https://www.linkedin.com/jobs,Direct MNC,Full Time,1,General,True,174,8
real_mock_273,Accountant,Goldman Sachs,"Chennai, India",Corporate,https://www.linkedin.com/jobs/search/?keywords=Accountant&location=Chennai,LinkedIn,Full Time,1,General,True,97,11
real_mock_274,BCA Intern,KPMG,"Jalpaiguri, India",Technology,https://www.naukri.com/bca-intern-jobs-in-jalpaiguri,Naukri,Full Time,1,BCA,True,185,17
real_mock_275,MCA Trainee,PwC,"Assam, India",Technology,https://www.linkedin.com/jobs,Direct MNC,Full Time,1,MCA,True,124,8
real_mock_276,B.Tech Graduate,Accenture,"Meghalaya, India",Corporate,https://www.linkedin.com/jobs/search/?keywords=B.Tech%20Graduate&location=Meghalaya,LinkedIn,Full Time,1,BTECH,True,111,23
real_mock_277,HR Manager,Oracle,"West Bengal, India",Technology,https://www.naukri.com/hr-manager-jobs-in-west-bengal,Naukri,Full Time,1,NON-TECH,True,87,23
real_mock_278,Product Manager,HDFC Bank,"Maharashtra, India",Technology,https://www.linkedin.com/jobs,Direct MNC,Full Time,1,General,False,30,5
real_mock_279,DevOps Engineer,Coal India,"Tamil Nadu, India",Corporate,https://www.linkedin.com/jobs/search/?keywords=DevOps%20Engineer&location=Tamil%20Nadu,LinkedIn,Full Time,1,"BCA, BTECH, MCA",False,33,6
real_mock_280,Software Engineer,TCS,"Telangana, India",Technology,https://www.naukri.com/software-engineer-jobs-in-telangana,Naukri,Full Time,1,"BCA, BTECH, MCA",False,9,7
real_mock_281,Data Analyst,Infosys,"Gujarat, India",Technology,https://www.linkedin.com/jobs,Direct MNC,Full Time,1,"MSC, BSC, BTECH",False,9,5
real_mock_282,Consultant,Wipro,"Pune, India",Corporate,https://www.linkedin.com/jobs/search/?keywords=Consultant&location=Pune,LinkedIn,Full Time,1,General,False,47,7
real_mock_283,Accountant,Reliance,"Hyderabad, India",Technology,https://www.naukri.com/accountant-jobs-in-hyderabad,Naukri,Full Time,1,General,False,45,6
real_mock_284,BCA Intern,L&T,"Kerala, India",Technology,https://www.linkedin.com/jobs,Direct MNC,Full Time,1,BCA,False,13,5
real_mock_285,MCA Trainee,Capgemini,"Punjab, India",Corporate,https://www.linkedin.com/jobs/search/?keywords=MCA%20Trainee&location=Punjab,LinkedIn,Full Time,1,MCA,True,115,12
real_mock_286,B.Tech Graduate,Cognizant,"Mumbai (Bombay), India",Technology,https://www.naukri.com/b.tech-graduate-jobs-in-mumbai-(bombay),Naukri,Full Time,1,BTECH,True,157,7
real_mock_287,HR Manager,Deloitte,"Navi Mumbai, India",Technology,https://www.linkedin.com/jobs,Direct MNC,Full Time,1,NON-TECH,True,70,20
real_mock_288,Product Manager,Goldman Sachs,"Delhi, India",Corporate,https://www.linkedin.com/jobs/search/?keywords=Product%20Manager&location=Delhi,LinkedIn,Full Time,1,General,True,97,19
real_mock_289,DevOps Engineer,KPMG,"New Delhi, India",Technology,https://www.naukri.com/devops-engineer-jobs-in-new-delhi,Naukri,Full Time,1,"BCA, BTECH, MCA",True,180,15
real_mock_290,Software Engineer,PwC,"Noida, India",Technology,https://www.linkedin.com/jobs,Direct MNC,Full Time,1,"BCA, BTECH, MCA",True,159,23
real_mock_291,Data Analyst,Accenture,"Gurgaon, India",Corporate,https://www.linkedin.com/jobs/search/?keywords=Data%20Analyst&location=Gurgaon,LinkedIn,Full Time,1,"MSC, BSC, BTECH",True,148,14
real_mock_292,Consultant,Oracle,"Gurugram, India",Technology,https://www.naukri.com/consultant-jobs-in-gurugram,Naukri,Full Time,1,General,True,91,23
real_mock_293,Accountant,HDFC Bank,"Bangalore, India",Technology,https://www.linkedin.com/jobs,Direct MNC,Full Time,1,General,False,24,3
real_mock_294,BCA Intern,Coal India,"Karnataka, India",Corporate,https://www.linkedin.com/jobs/search/?keywords=BCA%20Intern&location=Karnataka,LinkedIn,Full Time,1,BCA,False,46,4
real_mock_295,MCA Trainee,TCS,"Chennai, India",Technology,https://www.naukri.com/mca-trainee-jobs-in-chennai,Naukri,Full Time,1,MCA,False,35,4
real_mock_296,B.Tech Graduate,Infosys,"Jalpaiguri, India",Technology,https://www.linkedin.com/jobs,Direct MNC,Full Time,1,BTECH,False,43,3
real_mock_297,HR Manager,Wipro,"Assam, India",Corporate,https://www.linkedin.com/jobs/search/?keywords=HR%20Manager&location=Assam,LinkedIn,Full Time,1,NON-TECH,False,32,6
real_mock_298,Product Manager,Reliance,"Meghalaya, India",Technology,https://www.naukri.com/product-manager-jobs-in-meghalaya,Naukri,Full Time,1,General,False,37,7
real_mock_299,DevOps Engineer,L&T,"West Bengal, India",Technology,https://www.linkedin.com/jobs,Direct MNC,Full Time,1,"BCA, BTECH, MCA",False,46,7
real_mock_300,Software Engineer,Capgemini,"Maharashtra, India",Corporate,https://www.linkedin.com/jobs/search/?keywords=Software%20Engineer&location=Maharashtra,LinkedIn,Full Time,1,"BCA, BTECH, MCA",True,137,6
real_mock_301,Data Analyst,Cognizant,"Tamil Nadu, India",Technology,https://www.naukri.com/data-analyst-jobs-in-tamil-nadu,Naukri,Full Time,1,"MSC, BSC, BTECH",True,179,21
real_mock_302,Consultant,Deloitte,"Telangana, India",Technology,https://www.linkedin.com/jobs,Direct MNC,Full Time,1,General,True,63,16
real_mock_303,Accountant,Goldman Sachs,"Gujarat, India",Corporate,https://www.linkedin.com/jobs/search/?keywords=Accountant&location=Gujarat,LinkedIn,Full Time,1,General,True,138,22
real_mock_304,BCA Intern,KPMG,"Pune, India",Technology,https://www.naukri.com/bca-intern-jobs-in-pune,Naukri,Full Time,1,BCA,True,184,11
real_mock_305,MCA Trainee,PwC,"Hyderabad, India",Technology,https://www.linkedin.com/jobs,Direct MNC,Full Time,1,MCA,True,111,8
real_mock_306,B.Tech Graduate,Accenture,"Kerala, India",Corporate,https://www.linkedin.com/jobs/search/?keywords=B.Tech%20Graduate&location=Kerala,LinkedIn,Full Time,1,BTECH,True,157,22
real_mock_307,HR Manager,Oracle,"Punjab, India",Technology,https://www.naukri.com/hr-manager-jobs-in-punjab,Naukri,Full Time,1,NON-TECH,True,130,15
real_mock_308,Product Manager,HDFC Bank,"Mumbai (Bombay), India",Technology,https://www.linkedin.com/jobs,Direct MNC,Full Time,1,General,False,5,6
real_mock_309,DevOps Engineer,Coal India,"Navi Mumbai, India",Corporate,https://www.linkedin.com/jobs/search/?keywords=DevOps%20Engineer&location=Navi%20Mumbai,LinkedIn,Full Time,1,"BCA, BTECH, MCA",False,44,4
real_mock_310,Software Engineer,TCS,"Delhi, India",Technology,https://www.naukri.com/software-engineer-jobs-in-delhi,Naukri,Full Time,1,"BCA, BTECH, MCA",False,31,6
real_mock_311,Data Analyst,Infosys,"New Delhi, India",Technology,https://www.linkedin.com/jobs,Direct MNC,Full Time,1,"MSC, BSC, BTECH",False,19,7
real_mock_312,Consultant,Wipro,"Noida, India",Corporate,https://www.linkedin.com/jobs/search/?keywords=Consultant&location=Noida,LinkedIn,Full Time,1,General,False,48,4
real_mock_313,Accountant,Reliance,"Gurgaon, India",Technology,https://www.naukri.com/accountant-jobs-in-gurgaon,Naukri,Full Time,1,General,False,39,5
real_mock_314,BCA Intern,L&T,"Gurugram, India",Technology,https://www.linkedin.com/jobs,Direct MNC,Full Time,1,BCA,False,22,6
real_mock_315,MCA Trainee,Capgemini,"Bangalore, India",Corporate,https://www.linkedin.com/jobs/search/?keywords=MCA%20Trainee&location=Bangalore,LinkedIn,Full Time,1,MCA,True,64,22
real_mock_316,B.Tech Graduate,Cognizant,"Karnataka, India",Technology,https://www.naukri.com/b.tech-graduate-jobs-in-karnataka,Naukri,Full Time,1,BTECH,True,183,12
real_mock_317,HR Manager,Deloitte,"Chennai, India",Technology,https://www.linkedin.com/jobs,Direct MNC,Full Time,1,NON-TECH,True,198,24
real_mock_318,Product Manager,Goldman Sachs,"Jalpaiguri, India",Corporate,https://www.linkedin.com/jobs/search/?keywords=Product%20Manager&location=Jalpaiguri,LinkedIn,Full Time,1,General,True,108,17
real_mock_319,DevOps Engineer,KPMG,"Assam, India",Technology,https://www.naukri.com/devops-engineer-jobs-in-assam,Naukri,Full Time,1,"BCA, BTECH, MCA",True,65,23
real_mock_320,Software Engineer,PwC,"Meghalaya, India",Technology,https://www.linkedin.com/jobs,Direct MNC,Full Time,1,"BCA, BTECH, MCA",True,179,20
real_mock_321,Data Analyst,Accenture,"West Bengal, India",Corporate,https://www.linkedin.com/jobs/search/?keywords=Data%20Analyst&location=West%20Bengal,LinkedIn,Full Time,1,"MSC, BSC, BTECH",True,53,8
real_mock_322,Consultant,Oracle,"Maharashtra, India",Technology,https://www.naukri.com/consultant-jobs-in-maharashtra,Naukri,Full Time,1,General,True,113,21
real_mock_323,Accountant,HDFC Bank,"Tamil Nadu, India",Technology,https://www.linkedin.com/jobs,Direct MNC,Full Time,1,General,False,6,3
real_mock_324,BCA Intern,Coal India,"Telangana, India",Corporate,https://www.linkedin.com/jobs/search/?keywords=BCA%20Intern&location=Telangana,LinkedIn,Full Time,1,BCA,False,14,3
real_mock_325,MCA Trainee,TCS,"Gujarat, India",Technology,https://www.naukri.com/mca-trainee-jobs-in-gujarat,Naukri,Full Time,1,MCA,False,29,3
real_mock_326,B.Tech Graduate,Infosys,"Pune, India",Technology,https://www.linkedin.com/jobs,Direct MNC,Full Time,1,BTECH,False,17,6
real_mock_327,HR Manager,Wipro,"Hyderabad, India",Corporate,https://www.linkedin.com/jobs/search/?keywords=HR%20Manager&location=Hyderabad,LinkedIn,Full Time,1,NON-TECH,False,21,6
real_mock_328,Product Manager,Reliance,"Kerala, India",Technology,https://www.naukri.com/product-manager-jobs-in-kerala,Naukri,Full Time,1,General,False,24,4
real_mock_329,DevOps Engineer,L&T,"Punjab, India",Technology,https://www.linkedin.com/jobs,Direct MNC,Full Time,1,"BCA, BTECH, MCA",False,26,3
real_mock_330,Software Engineer,Capgemini,"Mumbai (Bombay), India",Corporate,https://www.linkedin.com/jobs/search/?keywords=Software%20Engineer&location=Mumbai%20(Bombay),LinkedIn,Full Time,1,"BCA, BTECH, MCA",True,134,22
real_mock_331,Data Analyst,Cognizant,"Navi Mumbai, India",Technology,https://www.naukri.com/data-analyst-jobs-in-navi-mumbai,Naukri,Full Time,1,"MSC, BSC, BTECH",True,141,14
real_mock_332,Consultant,Deloitte,"Delhi, India",Technology,https://www.linkedin.com/jobs,Direct MNC,Full Time,1,General,True,195,15
real_mock_333,Accountant,Goldman Sachs,"New Delhi, India",Corporate,https://www.linkedin.com/jobs/search/?keywords=Accountant&location=New%20Delhi,LinkedIn,Full Time,1,General,True,62,16
real_mock_334,BCA Intern,KPMG,"Noida, India",Technology,https://www.naukri.com/bca-intern-jobs-in-noida,Naukri,Full Time,1,BCA,True,191,24
real_mock_335,MCA Trainee,PwC,"Gurgaon, India",Technology,https://www.linkedin.com/jobs,Direct MNC,Full Time,1,MCA,True,172,19
real_mock_336,B.Tech Graduate,Accenture,"Gurugram, India",Corporate,https://www.linkedin.com/jobs/search/?keywords=B.Tech%20Graduate&location=Gurugram,LinkedIn,Full Time,1,BTECH,True,180,11
real_mock_337,HR Manager,Oracle,"Bangalore, India",Technology,https://www.naukri.com/hr-manager-jobs-in-bangalore,Naukri,Full Time,1,NON-TECH,True,100,13
real_mock_338,Product Manager,HDFC Bank,"Karnataka, India",Technology,https://www.linkedin.com/jobs,Direct MNC,Full Time,1,General,False,46,5
real_mock_339,DevOps Engineer,Coal India,"Chennai, India",Corporate,https://www.linkedin.com/jobs/search/?keywords=DevOps%20Engineer&location=Chennai,LinkedIn,Full Time,1,"BCA, BTECH, MCA",False,42,5
real_mock_340,Software Engineer,TCS,"Jalpaiguri, India",Technology,https://www.naukri.com/software-engineer-jobs-in-jalpaiguri,Naukri,Full Time,1,"BCA, BTECH, MCA",False,47,4
real_mock_341,Data Analyst,Infosys,"Assam, India",Technology,https://www.linkedin.com/jobs,Direct MNC,Full Time,1,"MSC, BSC, BTECH",False,15,3
real_mock_342,Consultant,Wipro,"Meghalaya, India",Corporate,https://www.linkedin.com/jobs/search/?keywords=Consultant&location=Meghalaya,LinkedIn,Full Time,1,General,False,43,3
real_mock_343,Accountant,Reliance,"West Bengal, India",Technology,https://www.naukri.com/accountant-jobs-in-west-bengal,Naukri,Full Time,1,General,False,49,5
real_mock_344,BCA Intern,L&T,"Maharashtra, India",Technology,https://www.linkedin.com/jobs,Direct MNC,Full Time,1,BCA,False,33,5
real_mock_345,MCA Trainee,Capgemini,"Tamil Nadu, India",Corporate,https://www.linkedin.com/jobs/search/?keywords=MCA%20Trainee&location=Tamil%20Nadu,LinkedIn,Full Time,1,MCA,True,163,18
real_mock_346,B.Tech Graduate,Cognizant,"Telangana, India",Technology,https://www.naukri.com/b.tech-graduate-jobs-in-telangana,Naukri,Full Time,1,BTECH,True,197,7
real_mock_347,HR Manager,Deloitte,"Gujarat, India",Technology,https://www.linkedin.com/jobs,Direct MNC,Full Time,1,NON-TECH,True,175,13
real_mock_348,Product Manager,Goldman Sachs,"Pune, India",Corporate,https://www.linkedin.com/jobs/search/?keywords=Product%20Manager&location=Pune,LinkedIn,Full Time,1,General,True,163,12
real_mock_349,DevOps Engineer,KPMG,"Hyderabad, India",Technology,https://www.naukri.com/devops-engineer-jobs-in-hyderabad,Naukri,Full Time,1,"BCA, BTECH, MCA",True,105,6
real_mock_350,Software Engineer,PwC,"Kerala, India",Technology,https://www.linkedin.com/jobs,Direct MNC,Full Time,1,"BCA, BTECH, MCA",True,177,23
real_mock_351,Data Analyst,Accenture,"Punjab, India",Corporate,https://www.linkedin.com/jobs/search/?keywords=Data%20Analyst&location=Punjab,LinkedIn,Full Time,1,"MSC, BSC, BTECH",True,181,9
real_mock_352,Consultant,Oracle,"Mumbai (Bombay), India",Technology,https://www.naukri.com/consultant-jobs-in-mumbai-(bombay),Naukri,Full Time,1,General,True,114,11
real_mock_353,Accountant,HDFC Bank,"Navi Mumbai, India",Technology,https://www.linkedin.com/jobs,Direct MNC,Full Time,1,General,False,22,6
real_mock_354,BCA Intern,Coal India,"Delhi, India",Corporate,https://www.linkedin.com/jobs/search/?keywords=BCA%20Intern&location=Delhi,LinkedIn,Full Time,1,BCA,False,25,7
real_mock_355,MCA Trainee,TCS,"New Delhi, India",Technology,https://www.naukri.com/mca-trainee-jobs-in-new-delhi,Naukri,Full Time,1,MCA,False,25,7
real_mock_356,B.Tech Graduate,Infosys,"Noida, India",Technology,https://www.linkedin.com/jobs,Direct MNC,Full Time,1,BTECH,False,23,5
real_mock_357,HR Manager,Wipro,"Gurgaon, India",Corporate,https://www.linkedin.com/jobs/search/?keywords=HR%20Manager&location=Gurgaon,LinkedIn,Full Time,1,NON-TECH,False,48,5
real_mock_358,Product Manager,Reliance,"Gurugram, India",Technology,https://www.naukri.com/product-manager-jobs-in-gurugram,Naukri,Full Time,1,General,False,30,3
real_mock_359,DevOps Engineer,L&T,"Bangalore, India",Technology,https://www.linkedin.com/jobs,Direct MNC,Full Time,1,"BCA, BTECH, MCA",False,22,7
real_mock_360,Software Engineer,Capgemini,"Karnataka, India",Corporate,https://www.linkedin.com/jobs/search/?keywords=Software%20Engineer&location=Karnataka,LinkedIn,Full Time,1,"BCA, BTECH, MCA",True,51,11
real_mock_361,Data Analyst,Cognizant,"Chennai, India",Technology,https://www.naukri.com/data-analyst-jobs-in-chennai,Naukri,Full Time,1,"MSC, BSC, BTECH",True,56,19
real_mock_362,Consultant,Deloitte,"Jalpaiguri, India",Technology,https://www.linkedin.com/jobs,Direct MNC,Full Time,1,General,True,73,23
real_mock_363,Accountant,Goldman Sachs,"Assam, India",Corporate,https://www.linkedin.com/jobs/search/?keywords=Accountant&location=Assam,LinkedIn,Full Time,1,General,True,119,7
real_mock_364,BCA Intern,KPMG,"Meghalaya, India",Technology,https://www.naukri.com/bca-intern-jobs-in-meghalaya,Naukri,Full Time,1,BCA,True,149,10
real_mock_365,MCA Trainee,PwC,"West Bengal, India",Technology,https://www.linkedin.com/jobs,Direct MNC,Full Time,1,MCA,True,102,20
real_mock_366,B.Tech Graduate,Accenture,"Maharashtra, India",Corporate,https://www.linkedin.com/jobs/search/?keywords=B.Tech%20Graduate&location=Maharashtra,LinkedIn,Full Time,1,BTECH,True,65,23
real_mock_367,HR Manager,Oracle,"Tamil Nadu, India",Technology,https://www.naukri.com/hr-manager-jobs-in-tamil-nadu,Naukri,Full Time,1,NON-TECH,True,143,16
real_mock_368,Product Manager,HDFC Bank,"Telangana, India",Technology,https://www.linkedin.com/jobs,Direct MNC,Full Time,1,General,False,20,6
real_mock_369,DevOps Engineer,Coal India,"Gujarat, India",Corporate,https://www.linkedin.com/jobs/search/?keywords=DevOps%20Engineer&location=Gujarat,LinkedIn,Full Time,1,"BCA, BTECH, MCA",False,19,5
real_mock_370,Software Engineer,TCS,"Pune, India",Technology,https://www.naukri.com/software-engineer-jobs-in-pune,Naukri,Full Time,1,"BCA, BTECH, MCA",False,42,7
real_mock_371,Data Analyst,Infosys,"Hyderabad, India",Technology,https://www.linkedin.com/jobs,Direct MNC,Full Time,1,"MSC, BSC, BTECH",False,28,6
real_mock_372,Consultant,Wipro,"Kerala, India",Corporate,https://www.linkedin.com/jobs/search/?keywords=Consultant&location=Kerala,LinkedIn,Full Time,1,General,False,18,4
real_mock_373,Accountant,Reliance,"Punjab, India",Technology,https://www.naukri.com/accountant-jobs-in-punjab,Naukri,Full Time,1,General,False,47,6
real_mock_374,BCA Intern,L&T,"Mumbai (Bombay), India",Technology,https://www.linkedin.com/jobs,Direct MNC,Full Time,1,BCA,False,48,7
real_mock_375,MCA Trainee,Capgemini,"Navi Mumbai, India",Corporate,https://www.linkedin.com/jobs/search/?keywords=MCA%20Trainee&location=Navi%20Mumbai,LinkedIn,Full Time,1,MCA,True,166,14
real_mock_376,B.Tech Graduate,Cognizant,"Delhi, India",Technology,https://www.naukri.com/b.tech-graduate-jobs-in-delhi,Naukri,Full Time,1,BTECH,True,90,14
real_mock_377,HR Manager,Deloitte,"New Delhi, India",Technology,https://www.linkedin.com/jobs,Direct MNC,Full Time,1,NON-TECH,True,186,17
real_mock_378,Product Manager,Goldman Sachs,"Noida, India",Corporate,https://www.linkedin.com/jobs/search/?keywords=Product%20Manager&location=Noida,LinkedIn,Full Time,1,General,True,126,6
real_mock_379,DevOps Engineer,KPMG,"Gurgaon, India",Technology,https://www.naukri.com/devops-engineer-jobs-in-gurgaon,Naukri,Full Time,1,"BCA, BTECH, MCA",True,60,20
real_mock_380,Software Engineer,PwC,"Gurugram, India",Technology,https://www.linkedin.com/jobs,Direct MNC,Full Time,1,"BCA, BTECH, MCA",True,119,7
real_mock_381,Data Analyst,Accenture,"Bangalore, India",Corporate,https://www.linkedin.com/jobs/search/?keywords=Data%20Analyst&location=Bangalore,LinkedIn,Full Time,1,"MSC, BSC, BTECH",True,165,8
real_mock_382,Consultant,Oracle,"Karnataka, India",Technology,https://www.naukri.com/consultant-jobs-in-karnataka,Naukri,Full Time,1,General,True,128,7
real_mock_383,Accountant,HDFC Bank,"Chennai, India",Technology,https://www.linkedin.com/jobs,Direct MNC,Full Time,1,General,False,28,5
real_mock_384,BCA Intern,Coal India,"Jalpaiguri, India",Corporate,https://www.linkedin.com/jobs/search/?keywords=BCA%20Intern&location=Jalpaiguri,LinkedIn,Full Time,1,BCA,False,44,6
real_mock_385,MCA Trainee,TCS,"Assam, India",Technology,https://www.naukri.com/mca-trainee-jobs-in-assam,Naukri,Full Time,1,MCA,False,23,7
real_mock_386,B.Tech Graduate,Infosys,"Meghalaya, India",Technology,https://www.linkedin.com/jobs,Direct MNC,Full Time,1,BTECH,False,11,5
real_mock_387,HR Manager,Wipro,"West Bengal, India",Corporate,https://www.linkedin.com/jobs/search/?keywords=HR%20Manager&location=West%20Bengal,LinkedIn,Full Time,1,NON-TECH,False,43,7
real_mock_388,Product Manager,Reliance,"Maharashtra, India",Technology,https://www.naukri.com/product-manager-jobs-in-maharashtra,Naukri,Full Time,1,General,False,26,3
real_mock_389,DevOps Engineer,L&T,"Tamil Nadu, India",Technology,https://www.linkedin.com/jobs,Direct MNC,Full Time,1,"BCA, BTECH, MCA",False,29,4
real_mock_390,Software Engineer,Capgemini,"Telangana, India",Corporate,https://www.linkedin.com/jobs/search/?keywords=Software%20Engineer&location=Telangana,LinkedIn,Full Time,1,"BCA, BTECH, MCA",True,194,22
real_mock_391,Data Analyst,Cognizant,"Gujarat, India",Technology,https://www.naukri.com/data-analyst-jobs-in-gujarat,Naukri,Full Time,1,"MSC, BSC, BTECH",True,141,7
real_mock_392,Consultant,Deloitte,"Pune, India",Technology,https://www.linkedin.com/jobs,Direct MNC,Full Time,1,General,True,73,16
real_mock_393,Accountant,Goldman Sachs,"Hyderabad, India",Corporate,https://www.linkedin.com/jobs/search/?keywords=Accountant&location=Hyderabad,LinkedIn,Full Time,1,General,True,134,6
real_mock_394,BCA Intern,KPMG,"Kerala, India",Technology,https://www.naukri.com/bca-intern-jobs-in-kerala,Naukri,Full Time,1,BCA,True,170,17
real_mock_395,MCA Trainee,PwC,"Punjab, India",Technology,https://www.linkedin.com/jobs,Direct MNC,Full Time,1,MCA,True,70,6
real_mock_396,B.Tech Graduate,Accenture,"Mumbai (Bombay), India",Corporate,https://www.linkedin.com/jobs/search/?keywords=B.Tech%20Graduate&location=Mumbai%20(Bombay),LinkedIn,Full Time,1,BTECH,True,160,12
real_mock_397,HR Manager,Oracle,"Navi Mumbai, India",Technology,https://www.naukri.com/hr-manager-jobs-in-navi-mumbai,Naukri,Full Time,1,NON-TECH,True,188,11
real_mock_398,Product Manager,HDFC Bank,"Delhi, India",Technology,https://www.linkedin.com/jobs,Direct MNC,Full Time,1,General,False,19,3
real_mock_399,DevOps Engineer,Coal India,"New Delhi, India",Corporate,https://www.linkedin.com/jobs/search/?keywords=DevOps%20Engineer&location=New%20Delhi,LinkedIn,Full Time,1,"BCA, BTECH, MCA",False,7,4
